"STATE/UT","Year","Infanticide","Murder","Rape","Kidnapping and Abduction","Foeticide","Abetment of Suicide","Exposure and Abandonment","Procuration of Minor Girls","Buying of girls for prostitu tion","Selling of girls for prostitution","Prohibition of Child Marriage Act, 2006","Other Crimes","Total Crimes Against Children"
"ANDHRA PRADESH","2001",1,34,84,57,0,7,22,12,0,0,6,47,270
"ARUNACHAL PRADESH","2001",0,0,0,0,0,0,0,0,0,0,0,0,0
"ASSAM","2001",0,0,0,18,0,0,0,0,0,0,0,0,18
"BIHAR","2001",0,2,16,26,0,0,1,16,1,1,2,18,83
"CHHATTISGARH","2001",6,8,150,46,5,1,15,0,0,0,0,354,585
"GOA","2001",0,1,10,6,0,0,3,2,0,0,0,12,34
"GUJARAT","2001",1,77,39,120,4,0,112,18,0,0,11,190,572
"HARYANA","2001",0,31,108,124,3,0,16,5,0,2,0,74,363
"HIMACHAL PRADESH","2001",0,5,35,20,0,0,15,0,0,0,0,7,82
"JAMMU & KASHMIR","2001",0,2,6,15,0,0,4,0,0,0,0,1,28
"JHARKHAND","2001",3,2,11,4,0,0,0,1,0,0,0,20,41
"KARNATAKA","2001",17,12,11,14,1,0,7,0,0,0,3,7,72
"KERALA","2001",1,75,64,28,0,0,9,4,0,0,3,63,247
"MADHYA PRADESH","2001",31,72,390,100,7,8,69,4,0,0,4,740,1425
"MAHARASHTRA","2001",26,177,367,210,17,4,281,21,1,1,43,473,1621
"MANIPUR","2001",0,0,0,0,0,0,0,0,0,0,0,0,0
"MEGHALAYA","2001",0,0,0,0,0,0,0,0,0,0,0,0,0
"MIZORAM","2001",0,0,0,0,0,0,0,0,0,0,0,0,0
"NAGALAND","2001",0,0,0,0,0,0,0,0,0,0,0,0,0
"ODISHA","2001",0,2,17,22,0,4,1,0,0,0,0,22,68
"PUNJAB","2001",3,17,38,35,7,0,3,7,0,0,0,13,123
"RAJASTHAN","2001",3,16,35,62,8,1,54,0,0,0,10,29,218
"SIKKIM","2001",0,1,4,0,0,0,0,0,0,0,0,0,5
"TAMIL NADU","2001",1,23,20,7,0,1,1,0,0,0,0,8,61
"TRIPURA","2001",0,0,0,0,0,0,0,0,0,0,0,0,0
"UTTAR PRADESH","2001",39,450,562,1185,1,0,0,29,1,1,1,1440,3709
"UTTARAKHAND","2001",0,9,9,16,0,0,0,7,0,0,0,5,46
"WEST BENGAL","2001",0,3,12,86,0,0,0,9,3,2,0,52,167
"TOTAL (STATES)","2001",132,1019,1988,2201,53,26,613,135,6,7,83,3575,9838
"A & N ISLANDS","2001",0,0,0,0,0,0,0,0,0,0,0,0,0
"CHANDIGARH","2001",0,0,8,32,0,0,5,0,0,0,2,11,58
"D & N HAVELI","2001",0,0,0,0,0,0,0,0,0,0,0,0,0
"DAMAN & DIU","2001",0,0,0,0,0,0,0,0,0,0,0,0,0
"DELHI","2001",1,21,113,612,2,0,60,3,0,1,0,99,912
"LAKSHADWEEP","2001",0,1,0,0,0,0,0,0,0,0,0,0,1
"PUDUCHERRY","2001",0,1,4,0,0,0,0,0,0,0,0,0,5
"TOTAL (UTs)","2001",1,23,125,644,2,0,65,3,0,1,2,110,976
"TOTAL (ALL-INDIA)","2001",133,1042,2113,2845,55,26,678,138,6,8,85,3685,10814
"ANDHRA PRADESH","2002",1,42,137,86,0,13,5,9,1,0,6,33,333
"ARUNACHAL PRADESH","2002",0,0,3,3,0,0,0,0,0,0,0,0,6
"ASSAM","2002",1,1,3,1,0,0,0,6,0,0,1,1,14
"BIHAR","2002",0,10,3,26,1,0,1,9,0,0,1,6,57
"CHHATTISGARH","2002",6,22,182,45,0,1,17,0,0,0,26,434,733
"GOA","2002",0,2,7,4,0,0,5,2,0,0,0,11,31
"GUJARAT","2002",4,64,67,273,9,1,76,0,0,0,38,178,710
"HARYANA","2002",6,16,84,54,6,0,15,0,0,1,1,52,235
"HIMACHAL PRADESH","2002",0,5,26,24,6,0,8,3,0,0,3,16,91
"JAMMU & KASHMIR","2002",1,1,7,23,2,0,4,0,0,0,0,4,42
"JHARKHAND","2002",1,2,43,21,0,0,0,5,0,0,0,39,111
"KARNATAKA","2002",3,25,19,23,7,0,10,7,0,1,1,18,114
"KERALA","2002",1,63,186,65,2,0,9,6,0,0,6,68,406
"MADHYA PRADESH","2002",18,76,517,154,4,1,91,5,0,1,2,1460,2329
"MAHARASHTRA","2002",24,224,491,275,10,6,282,34,8,1,18,487,1860
"MANIPUR","2002",0,0,0,0,0,0,0,0,0,0,0,0,0
"MEGHALAYA","2002",0,3,16,4,0,0,0,0,0,0,0,0,23
"MIZORAM","2002",0,0,2,0,0,0,0,0,0,0,0,0,2
"NAGALAND","2002",0,9,6,1,0,0,0,0,0,0,0,0,16
"ODISHA","2002",0,7,21,8,0,0,0,4,0,0,0,16,56
"PUNJAB","2002",0,13,52,62,10,0,0,5,0,0,1,18,161
"RAJASTHAN","2002",2,18,38,52,6,0,79,2,0,0,7,0,204
"SIKKIM","2002",0,2,4,0,0,0,0,0,0,0,0,0,6
"TAMIL NADU","2002",16,29,29,29,0,0,5,0,0,0,0,27,135
"TRIPURA","2002",0,0,0,0,0,0,0,0,0,0,0,0,0
"UTTAR PRADESH","2002",30,394,416,539,1,0,0,4,0,0,2,440,1826
"UTTARAKHAND","2002",0,7,8,3,0,0,0,9,0,0,0,0,27
"WEST BENGAL","2002",0,4,16,94,0,0,0,14,0,1,0,46,175
"TOTAL (STATES)","2002",114,1039,2383,1869,64,22,607,124,9,5,113,3354,9703
"A & N ISLANDS","2002",1,0,1,1,0,0,0,0,0,0,0,0,3
"CHANDIGARH","2002",0,3,6,22,0,1,8,0,0,0,0,9,49
"D & N HAVELI","2002",0,0,0,0,0,0,0,0,0,0,0,0,0
"DAMAN & DIU","2002",0,0,0,0,0,0,0,0,0,0,0,0,0
"DELHI","2002",0,29,138,426,20,0,29,0,0,0,0,55,697
"LAKSHADWEEP","2002",0,0,0,0,0,0,0,0,0,0,0,0,0
"PUDUCHERRY","2002",0,2,4,4,0,1,0,0,0,0,0,6,17
"TOTAL (UTs)","2002",1,34,149,453,20,2,37,0,0,0,0,70,766
"TOTAL (ALL-INDIA)","2002",115,1073,2532,2322,84,24,644,124,9,5,113,3424,10469
"ANDHRA PRADESH","2003",3,116,383,373,0,3,36,46,0,1,4,498,1463
"ARUNACHAL PRADESH","2003",0,0,9,9,0,0,0,0,0,0,0,0,18
"ASSAM","2003",0,2,5,0,0,0,0,12,0,0,0,0,19
"BIHAR","2003",0,8,3,33,0,0,1,1,0,0,0,10,56
"CHHATTISGARH","2003",9,20,186,45,6,4,3,0,0,0,6,335,614
"GOA","2003",0,0,22,9,0,0,5,5,0,0,0,16,57
"GUJARAT","2003",0,49,75,267,4,0,82,2,0,0,11,175,665
"HARYANA","2003",5,19,77,92,2,0,24,3,0,0,3,62,287
"HIMACHAL PRADESH","2003",1,4,36,23,0,0,11,4,0,1,1,28,109
"JAMMU & KASHMIR","2003",0,0,2,38,0,0,2,0,0,0,0,7,49
"JHARKHAND","2003",0,7,16,3,1,0,0,5,0,0,0,3,35
"KARNATAKA","2003",0,23,25,29,0,0,11,1,0,0,2,25,116
"KERALA","2003",0,31,69,23,0,0,1,7,0,0,0,48,179
"MADHYA PRADESH","2003",24,141,699,210,11,9,90,13,0,25,3,1437,2662
"MAHARASHTRA","2003",11,195,605,337,5,5,293,20,5,3,16,506,2001
"MANIPUR","2003",0,1,7,26,0,0,0,0,0,0,0,2,36
"MEGHALAYA","2003",0,14,24,8,0,0,0,0,0,0,0,0,46
"MIZORAM","2003",0,5,9,3,0,0,0,0,0,0,0,0,17
"NAGALAND","2003",0,0,0,0,0,0,0,0,0,0,0,0,0
"ODISHA","2003",0,15,55,25,0,1,0,4,0,0,0,40,140
"PUNJAB","2003",8,17,54,67,11,0,9,0,0,0,2,16,184
"RAJASTHAN","2003",9,17,49,46,12,0,97,1,1,0,6,2,240
"SIKKIM","2003",0,1,8,0,0,1,0,0,0,0,0,5,15
"TAMIL NADU","2003",14,46,47,37,0,0,7,0,0,0,3,23,177
"TRIPURA","2003",0,0,0,0,0,0,0,0,0,0,0,0,0
"UTTAR PRADESH","2003",19,439,301,561,3,2,0,28,0,0,4,345,1702
"UTTARAKHAND","2003",0,3,11,2,0,0,0,7,0,0,0,0,23
"WEST BENGAL","2003",0,2,16,32,0,0,0,12,18,6,1,61,148
"TOTAL (STATES)","2003",103,1175,2793,2298,55,25,672,171,24,36,62,3644,11058
"A & N ISLANDS","2003",0,1,2,1,0,0,0,0,0,0,0,2,6
"CHANDIGARH","2003",0,3,9,14,0,0,11,0,0,0,0,3,40
"D & N HAVELI","2003",0,0,0,1,0,0,0,0,0,0,0,0,1
"DAMAN & DIU","2003",0,0,4,1,0,0,0,0,0,0,0,1,6
"DELHI","2003",0,32,140,255,2,0,39,0,0,0,1,47,516
"LAKSHADWEEP","2003",0,0,0,0,0,0,0,0,0,0,0,1,1
"PUDUCHERRY","2003",0,1,1,1,0,0,0,0,0,0,0,2,5
"TOTAL (UTs)","2003",0,37,156,273,2,0,50,0,0,0,1,56,575
"TOTAL (ALL-INDIA)","2003",103,1212,2949,2571,57,25,722,171,24,36,63,3700,11633
"ANDHRA PRADESH","2004",1,70,363,396,0,2,26,60,0,0,4,406,1328
"ARUNACHAL PRADESH","2004",0,0,11,8,0,0,0,0,0,0,0,3,22
"ASSAM","2004",0,1,7,3,0,0,0,8,0,1,1,0,21
"BIHAR","2004",0,9,3,29,1,0,1,7,0,1,3,5,59
"CHHATTISGARH","2004",12,32,308,70,6,6,14,1,0,0,14,477,940
"GOA","2004",0,2,20,9,0,0,1,1,0,0,0,20,53
"GUJARAT","2004",5,69,96,300,0,1,95,5,0,0,30,198,799
"HARYANA","2004",2,21,24,42,15,1,15,0,0,0,2,42,164
"HIMACHAL PRADESH","2004",0,5,32,26,2,0,13,0,0,0,2,12,92
"JAMMU & KASHMIR","2004",0,1,4,27,0,0,1,0,0,0,0,2,35
"JHARKHAND","2004",0,6,43,18,1,0,0,5,0,0,0,39,112
"KARNATAKA","2004",8,46,42,41,4,1,17,4,0,0,1,25,189
"KERALA","2004",2,49,159,74,0,0,0,20,0,0,1,56,361
"MADHYA PRADESH","2004",23,121,710,179,9,5,115,2,0,0,2,2487,3653
"MAHARASHTRA","2004",6,181,634,380,15,8,249,14,11,3,14,766,2281
"MANIPUR","2004",0,0,4,27,0,0,0,0,0,0,0,0,31
"MEGHALAYA","2004",0,1,22,9,0,0,0,0,0,0,0,11,43
"MIZORAM","2004",0,0,0,0,0,0,0,0,0,0,0,0,0
"NAGALAND","2004",0,0,1,0,0,0,0,0,0,0,0,0,1
"ODISHA","2004",0,9,31,11,0,0,0,3,0,0,1,74,129
"PUNJAB","2004",7,35,54,53,8,1,12,0,0,1,2,20,193
"RAJASTHAN","2004",1,20,137,128,17,0,90,1,1,1,2,5,403
"SIKKIM","2004",1,1,1,2,1,0,0,0,0,0,0,2,8
"TAMIL NADU","2004",17,54,166,93,0,3,20,6,0,0,5,29,393
"TRIPURA","2004",0,5,28,14,0,0,0,0,0,0,0,12,59
"UTTAR PRADESH","2004",17,511,394,735,2,4,0,23,0,0,1,234,1921
"UTTARAKHAND","2004",0,4,17,2,0,0,1,32,0,0,0,0,56
"WEST BENGAL","2004",0,2,19,99,0,1,0,13,9,12,8,43,206
"TOTAL (STATES)","2004",102,1255,3330,2775,81,33,670,205,21,19,93,4968,13552
"A & N ISLANDS","2004",0,1,8,3,0,0,0,0,0,0,0,2,14
"CHANDIGARH","2004",0,3,13,36,0,0,11,0,0,0,0,3,66
"D & N HAVELI","2004",0,3,0,7,1,0,0,0,0,0,0,0,11
"DAMAN & DIU","2004",0,0,1,0,0,0,1,0,0,0,0,0,2
"DELHI","2004",0,41,186,371,4,0,33,0,0,0,0,131,766
"LAKSHADWEEP","2004",0,0,0,0,0,0,0,0,0,0,0,0,0
"PUDUCHERRY","2004",0,1,4,4,0,0,0,0,0,0,0,3,12
"TOTAL (UTs)","2004",0,49,212,421,5,0,45,0,0,0,0,139,871
"TOTAL (ALL-INDIA)","2004",102,1304,3542,3196,86,33,715,205,21,19,93,5107,14423
"ANDHRA PRADESH","2005",1,56,315,332,1,4,99,48,9,2,9,74,950
"ARUNACHAL PRADESH","2005",0,0,10,12,0,0,0,0,0,0,0,0,22
"ASSAM","2005",1,12,90,18,1,5,0,0,0,2,0,70,199
"BIHAR","2005",1,25,8,72,0,0,0,5,0,0,4,0,115
"CHHATTISGARH","2005",9,28,382,110,21,8,6,0,0,0,3,430,997
"GOA","2005",0,4,15,11,0,0,2,0,0,0,0,21,53
"GUJARAT","2005",2,74,90,285,4,1,141,12,0,0,25,202,836
"HARYANA","2005",0,38,131,101,8,0,32,0,0,0,7,57,374
"HIMACHAL PRADESH","2005",0,6,58,37,1,0,12,0,0,0,3,14,131
"JAMMU & KASHMIR","2005",0,4,4,48,0,0,0,0,0,0,0,1,57
"JHARKHAND","2005",0,33,22,11,0,0,0,4,0,0,0,27,97
"KARNATAKA","2005",5,42,48,35,7,1,18,7,0,0,3,25,191
"KERALA","2005",0,45,140,45,1,1,3,21,0,0,3,127,386
"MADHYA PRADESH","2005",28,122,870,240,12,7,95,4,1,0,18,2324,3721
"MAHARASHTRA","2005",3,189,634,420,4,11,321,5,6,1,22,689,2305
"MANIPUR","2005",0,3,4,13,0,0,0,0,0,0,0,0,20
"MEGHALAYA","2005",1,8,51,11,0,0,0,4,0,0,0,6,81
"MIZORAM","2005",0,0,0,0,0,0,0,0,0,0,0,0,0
"NAGALAND","2005",0,0,0,0,0,0,0,0,0,0,0,0,0
"ODISHA","2005",1,9,28,16,0,0,0,0,0,0,0,32,86
"PUNJAB","2005",9,17,51,59,12,0,13,2,1,0,11,36,211
"RAJASTHAN","2005",1,56,246,132,10,0,123,1,0,1,3,7,580
"SIKKIM","2005",1,0,14,2,1,1,5,0,0,0,0,1,25
"TAMIL NADU","2005",1,53,115,69,0,1,6,0,0,0,4,39,288
"TRIPURA","2005",0,1,20,6,0,0,0,0,0,0,1,0,28
"UTTAR PRADESH","2005",44,346,394,749,0,2,0,3,0,0,4,259,1801
"UTTARAKHAND","2005",0,6,18,41,0,0,0,9,0,0,0,2,76
"WEST BENGAL","2005",0,2,6,102,0,1,0,20,2,44,2,57,236
"TOTAL (STATES)","2005",108,1179,3764,2977,83,43,876,145,19,50,122,4500,13866
"A & N ISLANDS","2005",0,1,2,2,0,0,2,0,0,0,0,1,8
"CHANDIGARH","2005",0,3,21,23,0,0,7,0,0,0,0,3,57
"D & N HAVELI","2005",0,1,0,4,0,0,0,0,0,0,0,0,5
"DAMAN & DIU","2005",0,1,1,2,0,0,1,0,0,0,0,0,5
"DELHI","2005",0,34,235,507,3,0,47,0,9,0,0,191,1026
"LAKSHADWEEP","2005",0,0,0,0,0,0,0,0,0,0,0,0,0
"PUDUCHERRY","2005",0,0,3,3,0,0,0,0,0,0,0,2,8
"TOTAL (UTs)","2005",0,40,262,541,3,0,57,0,9,0,0,197,1109
"TOTAL (ALL-INDIA)","2005",108,1219,4026,3518,86,43,933,145,28,50,122,4697,14975
"ANDHRA PRADESH","2006",0,61,412,498,5,11,89,35,5,6,17,247,1386
"ARUNACHAL PRADESH","2006",0,0,0,27,0,0,0,0,0,0,0,0,27
"ASSAM","2006",0,11,61,25,1,5,0,0,0,1,1,147,252
"BIHAR","2006",1,11,17,25,0,0,0,4,0,0,2,6,66
"CHHATTISGARH","2006",8,40,448,113,5,1,14,0,0,0,5,604,1238
"GOA","2006",1,2,14,10,0,1,8,1,0,0,0,17,54
"GUJARAT","2006",0,87,112,360,6,1,150,9,0,0,12,240,977
"HARYANA","2006",10,19,176,158,9,0,24,0,0,0,7,59,462
"HIMACHAL PRADESH","2006",0,4,41,52,5,1,12,2,0,0,1,18,136
"JAMMU & KASHMIR","2006",0,3,8,72,0,0,1,0,0,0,0,1,85
"JHARKHAND","2006",1,9,28,11,1,0,0,26,0,0,0,36,112
"KARNATAKA","2006",9,54,84,62,13,0,31,2,0,0,6,15,276
"KERALA","2006",1,50,219,73,0,0,4,35,0,0,1,170,553
"MADHYA PRADESH","2006",43,117,829,237,14,12,105,6,0,0,4,2572,3939
"MAHARASHTRA","2006",4,203,655,552,10,7,255,15,23,1,15,1101,2841
"MANIPUR","2006",0,6,15,32,0,0,0,0,0,0,0,1,54
"MEGHALAYA","2006",0,6,47,13,0,0,0,3,0,0,2,0,71
"MIZORAM","2006",0,0,35,0,0,0,0,0,0,0,0,0,35
"NAGALAND","2006",1,2,11,0,0,0,0,0,0,0,0,0,14
"ODISHA","2006",1,12,101,17,0,1,0,0,0,0,3,19,154
"PUNJAB","2006",2,22,58,169,22,0,15,0,0,1,9,31,329
"RAJASTHAN","2006",6,71,311,392,25,0,137,1,2,0,1,5,951
"SIKKIM","2006",3,1,14,6,0,0,1,0,0,0,0,10,35
"TAMIL NADU","2006",1,59,125,118,0,0,12,1,0,0,6,31,353
"TRIPURA","2006",0,3,37,0,0,0,0,0,0,0,1,0,41
"UTTAR PRADESH","2006",34,392,347,734,2,3,0,0,0,0,0,255,1767
"UTTARAKHAND","2006",0,10,23,5,0,0,0,13,0,0,0,0,51
"WEST BENGAL","2006",0,3,20,156,0,0,3,77,4,114,6,49,432
"TOTAL (STATES)","2006",126,1258,4248,3917,118,43,861,230,34,123,99,5634,16691
"A & N ISLANDS","2006",0,0,5,4,0,0,0,0,0,0,0,0,9
"CHANDIGARH","2006",0,1,8,43,0,0,11,0,0,0,0,1,64
"D & N HAVELI","2006",0,1,3,10,0,0,1,0,0,0,0,0,15
"DAMAN & DIU","2006",0,1,1,1,0,0,0,0,0,0,0,0,3
"DELHI","2006",0,62,448,1114,7,2,36,1,1,0,0,489,2160
"LAKSHADWEEP","2006",0,0,0,0,0,0,0,0,0,0,0,0,0
"PUDUCHERRY","2006",0,1,8,13,0,0,0,0,0,0,0,3,25
"TOTAL (UTs)","2006",0,66,473,1185,7,2,48,1,1,0,0,493,2276
"TOTAL (ALL-INDIA)","2006",126,1324,4721,5102,125,45,909,231,35,123,99,6127,18967
"ANDHRA PRADESH","2007",1,75,363,609,0,6,35,37,0,11,21,341,1499
"ARUNACHAL PRADESH","2007",0,0,1,3,0,0,0,0,0,0,0,0,4
"ASSAM","2007",0,2,34,29,0,0,0,0,0,0,1,101,167
"BIHAR","2007",1,87,110,421,0,0,0,36,0,1,8,11,675
"CHHATTISGARH","2007",8,37,368,103,10,3,7,3,0,0,4,481,1024
"GOA","2007",1,2,15,7,0,0,6,0,0,0,0,39,70
"GUJARAT","2007",7,76,98,436,1,0,149,25,0,0,14,304,1110
"HARYANA","2007",1,19,122,107,4,1,12,0,0,0,4,55,325
"HIMACHAL PRADESH","2007",0,6,48,61,1,0,6,2,0,0,1,26,151
"JAMMU & KASHMIR","2007",0,0,12,8,0,0,1,0,0,0,0,5,26
"JHARKHAND","2007",1,2,23,7,0,0,0,25,0,0,4,12,74
"KARNATAKA","2007",3,50,84,62,7,0,25,8,0,0,4,23,266
"KERALA","2007",1,37,183,73,0,1,6,22,0,0,1,163,487
"MADHYA PRADESH","2007",29,131,1043,283,10,5,141,16,0,2,5,2625,4290
"MAHARASHTRA","2007",2,211,615,590,1,8,297,13,31,0,7,932,2707
"MANIPUR","2007",0,3,4,42,0,0,0,0,0,0,0,0,49
"MEGHALAYA","2007",0,12,41,9,0,0,0,8,0,0,1,0,71
"MIZORAM","2007",0,3,60,0,0,0,0,0,0,0,0,1,64
"NAGALAND","2007",1,2,2,2,0,0,0,0,0,0,0,0,7
"ODISHA","2007",0,30,92,36,5,0,0,0,0,0,1,37,201
"PUNJAB","2007",3,26,135,296,35,0,9,0,0,0,5,18,527
"RAJASTHAN","2007",1,88,406,589,16,0,146,1,0,0,3,2,1252
"SIKKIM","2007",0,1,17,5,0,0,4,0,0,0,0,4,31
"TAMIL NADU","2007",10,44,141,197,0,0,28,2,0,0,2,17,441
"TRIPURA","2007",0,9,33,11,0,0,0,0,0,0,1,9,63
"UTTAR PRADESH","2007",61,336,471,1041,1,0,0,0,1,0,0,337,2248
"UTTARAKHAND","2007",0,14,17,46,0,0,0,1,0,0,0,23,101
"WEST BENGAL","2007",3,12,92,88,1,0,1,54,6,55,9,40,361
"TOTAL (STATES)","2007",134,1315,4630,5161,92,24,873,253,38,69,96,5606,18291
"A & N ISLANDS","2007",0,0,3,7,0,0,0,0,0,0,0,0,10
"CHANDIGARH","2007",0,1,8,30,0,1,12,0,0,0,0,1,53
"D & N HAVELI","2007",0,1,3,6,0,0,1,0,0,0,0,0,11
"DAMAN & DIU","2007",0,2,0,0,0,0,1,0,0,0,0,0,3
"DELHI","2007",0,56,398,1161,4,1,35,0,2,0,0,362,2019
"LAKSHADWEEP","2007",0,0,0,0,0,0,0,0,0,0,0,0,0
"PUDUCHERRY","2007",0,2,3,12,0,0,1,0,0,0,0,5,23
"TOTAL (UTs)","2007",0,62,415,1216,4,2,50,0,2,0,0,368,2119
"TOTAL (ALL-INDIA)","2007",134,1377,5045,6377,96,26,923,253,40,69,96,5974,20410
"ANDHRA PRADESH","2008",0,64,412,433,2,7,49,48,1,2,19,284,1321
"ARUNACHAL PRADESH","2008",0,0,11,13,0,0,0,0,0,0,0,0,24
"ASSAM","2008",0,1,27,7,0,0,0,0,0,0,1,147,183
"BIHAR","2008",1,115,91,496,0,0,0,45,0,0,8,10,766
"CHHATTISGARH","2008",7,45,411,96,9,3,3,3,0,1,5,584,1167
"GOA","2008",0,3,18,24,0,1,2,0,0,0,1,31,80
"GUJARAT","2008",0,59,99,521,1,0,156,7,0,0,23,208,1074
"HARYANA","2008",4,21,70,104,5,0,13,0,0,0,4,48,269
"HIMACHAL PRADESH","2008",0,8,68,78,2,2,5,2,0,0,2,38,205
"JAMMU & KASHMIR","2008",0,0,5,3,0,0,1,0,0,0,0,1,10
"JHARKHAND","2008",1,3,8,18,0,0,1,18,1,0,0,21,71
"KARNATAKA","2008",13,71,97,99,5,1,31,4,0,0,9,58,388
"KERALA","2008",0,37,215,87,0,4,6,13,0,0,4,183,549
"MADHYA PRADESH","2008",22,85,892,264,8,6,99,15,1,4,2,2861,4259
"MAHARASHTRA","2008",3,175,690,598,2,3,274,13,25,1,5,920,2709
"MANIPUR","2008",0,6,22,61,0,0,0,0,0,0,0,0,89
"MEGHALAYA","2008",0,0,34,21,0,0,0,0,0,0,0,7,62
"MIZORAM","2008",0,0,18,2,0,0,0,0,0,0,0,2,22
"NAGALAND","2008",0,0,0,3,0,0,0,0,0,0,0,0,3
"ODISHA","2008",0,13,65,8,0,0,0,0,0,0,1,54,141
"PUNJAB","2008",2,32,106,184,24,1,8,0,0,0,6,26,389
"RAJASTHAN","2008",4,93,420,504,10,0,158,0,0,0,3,31,1223
"SIKKIM","2008",2,0,12,3,0,0,0,0,0,0,0,7,24
"TAMIL NADU","2008",20,71,187,275,0,0,19,1,0,0,4,89,666
"TRIPURA","2008",0,12,104,23,0,0,0,0,0,0,0,24,163
"UTTAR PRADESH","2008",60,316,900,2224,2,0,0,0,0,0,0,576,4078
"UTTARAKHAND","2008",0,3,9,24,0,0,0,2,0,0,0,0,38
"WEST BENGAL","2008",1,18,129,196,1,0,1,53,2,41,6,65,513
"TOTAL (STATES)","2008",140,1251,5120,6369,71,28,826,224,30,49,103,6275,20486
"A & N ISLANDS","2008",0,2,8,12,0,0,1,0,0,0,0,24,47
"CHANDIGARH","2008",0,0,10,36,0,0,11,0,0,0,0,9,66
"D & N HAVELI","2008",0,1,3,11,0,0,0,0,0,0,0,2,17
"DAMAN & DIU","2008",0,0,0,0,0,0,0,0,0,0,0,4,4
"DELHI","2008",0,41,301,1208,2,0,25,0,0,0,1,276,1854
"LAKSHADWEEP","2008",0,0,0,0,0,0,0,0,0,0,0,0,0
"PUDUCHERRY","2008",0,1,4,14,0,1,1,0,0,0,0,5,26
"TOTAL (UTs)","2008",0,45,326,1281,2,1,38,0,0,0,1,320,2014
"TOTAL (ALL-INDIA)","2008",140,1296,5446,7650,73,29,864,224,30,49,104,6595,22500
"ANDHRA PRADESH","2009",9,68,416,632,6,13,77,28,1,1,0,468,1719
"ARUNACHAL PRADESH","2009",0,0,16,17,0,0,0,0,0,0,0,0,33
"ASSAM","2009",0,4,10,5,0,0,0,0,0,0,0,25,44
"BIHAR","2009",0,126,63,722,5,0,0,58,0,0,0,42,1016
"CHHATTISGARH","2009",3,44,394,121,7,4,3,5,0,0,2,738,1321
"GOA","2009",0,3,30,21,0,0,6,0,0,0,0,32,92
"GUJARAT","2009",1,66,91,503,3,0,129,2,0,1,0,172,968
"HARYANA","2009",0,19,116,149,3,1,20,0,0,0,0,45,353
"HIMACHAL PRADESH","2009",0,9,83,72,1,1,5,6,0,0,0,44,221
"JAMMU & KASHMIR","2009",2,1,4,10,0,0,0,0,0,0,0,1,18
"JHARKHAND","2009",1,10,8,8,0,0,0,0,0,0,0,33,60
"KARNATAKA","2009",4,56,104,67,7,1,21,4,0,1,3,40,308
"KERALA","2009",0,44,235,83,0,0,7,14,0,0,0,204,587
"MADHYA PRADESH","2009",12,115,1071,427,39,8,103,1,0,1,0,2869,4646
"MAHARASHTRA","2009",1,181,612,534,17,13,274,42,29,2,0,1189,2894
"MANIPUR","2009",0,8,12,52,0,0,0,0,0,0,0,0,72
"MEGHALAYA","2009",2,6,60,9,0,0,0,3,0,0,0,3,83
"MIZORAM","2009",0,0,11,1,0,0,0,0,0,0,0,2,14
"NAGALAND","2009",0,0,0,0,0,0,0,0,0,0,0,0,0
"ODISHA","2009",0,8,87,30,0,0,0,0,0,0,0,69,194
"PUNJAB","2009",6,71,210,355,23,4,15,3,0,0,0,42,729
"RAJASTHAN","2009",2,95,371,761,12,0,153,1,0,0,0,12,1407
"SIKKIM","2009",0,3,14,6,0,0,3,0,0,0,0,14,40
"TAMIL NADU","2009",9,74,182,300,0,0,0,0,0,0,0,69,634
"TRIPURA","2009",1,12,83,12,0,0,0,28,0,0,0,27,163
"UTTAR PRADESH","2009",9,363,625,1535,0,0,0,0,0,0,0,553,3085
"UTTARAKHAND","2009",0,5,7,10,0,1,0,0,0,0,0,10,33
"WEST BENGAL","2009",0,20,109,199,0,0,0,41,2,49,0,64,484
"TOTAL (STATES)","2009",62,1411,5024,6641,123,46,816,236,32,55,5,6767,21218
"A & N ISLANDS","2009",0,1,12,10,0,0,0,0,0,0,0,18,41
"CHANDIGARH","2009",0,1,21,27,0,0,9,0,0,0,0,13,71
"D & N HAVELI","2009",0,1,2,8,0,0,0,0,0,0,0,0,11
"DAMAN & DIU","2009",0,0,1,0,0,0,0,0,0,0,0,1,2
"DELHI","2009",1,73,307,2248,0,0,28,1,0,2,0,179,2839
"LAKSHADWEEP","2009",0,0,0,0,0,0,0,0,0,0,0,0,0
"PUDUCHERRY","2009",0,1,1,11,0,0,4,0,0,0,0,4,21
"TOTAL (UTs)","2009",1,77,344,2304,0,0,41,1,0,2,0,215,2985
"TOTAL (ALL-INDIA)","2009",63,1488,5368,8945,123,46,857,237,32,57,5,6982,24203
"ANDHRA PRADESH","2010",6,63,446,581,1,9,55,82,0,3,0,577,1823
"ARUNACHAL PRADESH","2010",0,0,12,5,0,0,0,0,0,0,0,3,20
"ASSAM","2010",0,10,39,17,0,0,0,75,0,3,0,53,197
"BIHAR","2010",2,200,114,1359,0,0,0,152,0,0,8,8,1843
"CHHATTISGARH","2010",1,51,382,186,9,1,6,11,0,0,2,814,1463
"GOA","2010",1,1,23,14,0,1,4,1,0,0,0,34,79
"GUJARAT","2010",0,66,102,565,10,10,121,0,0,0,14,118,1006
"HARYANA","2010",7,22,107,123,2,0,24,0,0,0,0,18,303
"HIMACHAL PRADESH","2010",1,5,72,86,0,1,4,3,0,0,5,69,246
"JAMMU & KASHMIR","2010",0,1,8,5,1,0,0,0,0,0,0,2,17
"JHARKHAND","2010",3,1,0,6,0,0,0,21,3,1,0,19,54
"KARNATAKA","2010",2,43,108,125,4,0,30,21,0,0,8,68,409
"KERALA","2010",1,41,208,111,0,3,9,6,0,0,6,211,596
"MADHYA PRADESH","2010",20,124,1182,440,18,7,93,18,0,2,4,3004,4912
"MAHARASHTRA","2010",3,211,747,749,5,16,198,26,27,1,4,1277,3264
"MANIPUR","2010",0,2,11,60,0,0,0,0,0,0,0,0,73
"MEGHALAYA","2010",0,2,91,16,0,0,0,0,0,0,0,1,110
"MIZORAM","2010",0,1,42,0,0,0,0,0,0,0,0,7,50
"NAGALAND","2010",0,0,3,7,0,0,0,0,0,0,0,0,10
"ODISHA","2010",0,9,74,51,0,0,0,4,0,0,0,56,194
"PUNJAB","2010",8,37,144,373,15,2,11,0,0,1,0,36,627
"RAJASTHAN","2010",7,75,369,706,18,2,119,14,0,0,2,6,1318
"SIKKIM","2010",0,3,14,5,0,0,0,0,0,0,0,7,29
"TAMIL NADU","2010",7,73,203,459,0,1,0,13,0,0,0,54,810
"TRIPURA","2010",0,2,107,22,0,0,0,32,0,0,1,63,227
"UTTAR PRADESH","2010",31,315,451,1225,18,0,0,0,0,0,5,287,2332
"UTTARAKHAND","2010",0,3,10,9,0,0,0,0,0,0,0,9,31
"WEST BENGAL","2010",0,16,73,332,0,3,0,200,48,115,0,93,880
"TOTAL (STATES)","2010",100,1377,5142,7637,101,56,674,679,78,126,59,6894,22923
"A & N ISLANDS","2010",0,1,15,9,3,0,0,0,0,0,0,23,51
"CHANDIGARH","2010",0,1,16,23,0,0,6,0,0,0,0,13,59
"D & N HAVELI","2010",0,0,3,10,0,0,0,0,0,0,0,0,13
"DAMAN & DIU","2010",0,0,1,1,0,0,0,0,0,0,0,0,2
"DELHI","2010",0,29,304,2982,7,0,45,0,0,4,0,259,3630
"LAKSHADWEEP","2010",0,0,0,0,0,0,0,0,0,0,0,0,0
"PUDUCHERRY","2010",0,0,3,8,0,0,0,0,0,0,1,4,16
"TOTAL (UTs)","2010",0,31,342,3033,10,0,51,0,0,4,1,299,3771
"TOTAL (ALL-INDIA)","2010",100,1408,5484,10670,111,56,725,679,78,130,60,7193,26694
"ANDHRA PRADESH","2011",0,101,646,735,7,11,53,106,0,2,15,537,2213
"ARUNACHAL PRADESH","2011",0,0,20,15,0,0,0,0,0,0,0,0,35
"ASSAM","2011",0,8,40,29,0,0,0,142,0,0,0,17,236
"BIHAR","2011",3,121,91,1821,1,0,1,183,1,1,0,10,2233
"CHHATTISGARH","2011",8,51,477,283,21,5,7,15,0,1,5,909,1782
"GOA","2011",0,2,20,17,0,2,4,0,0,0,0,30,75
"GUJARAT","2011",0,69,130,605,0,1,105,4,0,0,13,204,1131
"HARYANA","2011",0,14,66,144,5,4,15,0,2,2,6,22,280
"HIMACHAL PRADESH","2011",0,5,72,108,0,1,8,3,0,0,0,63,260
"JAMMU & KASHMIR","2011",0,4,9,5,1,0,1,0,0,0,0,5,25
"JHARKHAND","2011",1,4,16,18,1,0,1,15,1,6,0,22,85
"KARNATAKA","2011",8,44,97,109,1,0,21,8,0,1,12,33,334
"KERALA","2011",1,46,423,129,0,2,4,9,0,0,3,835,1452
"MADHYA PRADESH","2011",13,110,1262,517,38,12,89,20,2,3,5,2312,4383
"MAHARASHTRA","2011",3,201,818,858,12,12,189,20,20,2,19,1208,3362
"MANIPUR","2011",0,3,19,65,0,0,0,0,0,0,0,0,87
"MEGHALAYA","2011",0,8,66,16,0,0,0,0,0,0,0,14,104
"MIZORAM","2011",0,0,40,3,0,0,0,0,0,0,0,11,54
"NAGALAND","2011",0,5,15,0,0,0,0,0,0,0,0,0,20
"ODISHA","2011",0,18,165,85,0,1,1,12,0,0,1,32,315
"PUNJAB","2011",1,40,166,349,15,0,22,0,0,0,0,29,622
"RAJASTHAN","2011",3,75,394,785,13,0,98,19,0,2,5,97,1491
"SIKKIM","2011",1,0,11,7,0,0,0,0,0,0,0,10,29
"TAMIL NADU","2011",7,101,271,519,0,2,2,0,0,0,0,23,925
"TRIPURA","2011",0,9,45,28,0,0,0,5,0,0,0,15,102
"UTTAR PRADESH","2011",13,313,1088,3739,12,5,0,0,1,4,4,321,5500
"UTTARAKHAND","2011",0,9,23,39,0,0,0,0,0,0,0,12,83
"WEST BENGAL","2011",0,46,252,660,0,3,1,298,0,87,25,78,1450
"TOTAL (STATES)","2011",62,1407,6742,11688,127,61,622,859,27,111,113,6849,28668
"A & N ISLANDS","2011",0,1,9,11,0,0,2,0,0,0,0,8,31
"CHANDIGARH","2011",0,3,15,40,0,0,7,0,0,0,0,9,74
"D & N HAVELI","2011",0,2,1,8,0,0,0,0,0,0,0,0,11
"DAMAN & DIU","2011",0,0,0,2,0,0,1,0,0,0,0,0,3
"DELHI","2011",1,38,339,3528,5,0,68,3,0,2,0,266,4250
"LAKSHADWEEP","2011",0,0,0,0,0,0,0,0,0,0,0,0,0
"PUDUCHERRY","2011",0,0,6,7,0,0,0,0,0,0,0,2,15
"TOTAL (UTs)","2011",1,44,370,3596,5,0,78,3,0,2,0,285,4384
"TOTAL (ALL-INDIA)","2011",63,1451,7112,15284,132,61,700,862,27,113,113,7134,33052
"ANDHRA PRADESH","2012",8,105,613,781,1,21,49,30,0,4,29,633,2274
"ARUNACHAL PRADESH","2012",0,0,18,20,0,0,0,0,0,0,0,1,39
"ASSAM","2012",0,15,156,68,0,0,0,122,0,0,0,31,392
"BIHAR","2012",1,128,137,2546,1,0,0,48,2,10,16,5,2894
"CHHATTISGARH","2012",8,61,519,276,5,10,9,13,0,0,2,978,1881
"GOA","2012",0,3,38,15,0,1,4,0,0,0,0,61,122
"GUJARAT","2012",0,60,150,834,7,1,79,19,0,0,14,163,1327
"HARYANA","2012",0,40,276,535,28,3,15,0,0,0,11,107,1015
"HIMACHAL PRADESH","2012",0,9,89,97,0,0,3,3,0,0,0,65,266
"JAMMU & KASHMIR","2012",0,0,13,23,0,0,1,0,0,0,0,3,40
"JHARKHAND","2012",0,1,6,32,0,0,0,16,5,7,0,46,113
"KARNATAKA","2012",3,54,142,471,3,0,41,45,0,0,20,96,875
"KERALA","2012",0,34,455,147,1,3,4,10,0,0,6,664,1324
"MADHYA PRADESH","2012",17,123,1632,630,64,19,134,21,0,5,3,2520,5168
"MAHARASHTRA","2012",11,201,917,893,22,13,199,31,4,2,6,1157,3456
"MANIPUR","2012",0,4,17,61,0,0,0,17,0,0,0,5,104
"MEGHALAYA","2012",0,0,81,9,0,0,0,0,0,0,1,0,91
"MIZORAM","2012",0,1,73,1,0,0,1,0,0,1,0,18,95
"NAGALAND","2012",0,1,7,5,0,0,0,0,0,0,0,0,13
"ODISHA","2012",0,25,192,96,0,0,0,5,0,0,1,99,418
"PUNJAB","2012",6,42,295,459,25,2,15,0,0,0,0,33,877
"RAJASTHAN","2012",3,52,572,847,37,6,172,20,0,1,10,87,1807
"SIKKIM","2012",1,0,21,6,2,0,0,0,0,0,0,0,30
"TAMIL NADU","2012",6,89,292,576,0,1,4,28,0,0,0,40,1036
"TRIPURA","2012",0,2,17,0,0,0,0,0,0,0,0,1,20
"UTTAR PRADESH","2012",14,449,1040,4239,11,57,2,2,0,18,5,196,6033
"UTTARAKHAND","2012",0,11,34,53,0,0,0,7,0,0,0,17,122
"WEST BENGAL","2012",1,45,285,767,0,7,8,369,3,56,43,122,1706
"TOTAL (STATES)","2012",79,1555,8087,14487,207,144,740,806,14,104,167,7148,33538
"A & N ISLANDS","2012",0,1,10,8,1,0,0,0,0,0,0,8,28
"CHANDIGARH","2012",0,1,17,59,0,0,10,0,0,0,0,9,96
"D & N HAVELI","2012",0,1,1,6,0,0,0,0,0,0,0,0,8
"DAMAN & DIU","2012",0,0,4,2,0,0,0,0,0,0,0,2,8
"DELHI","2012",2,39,415,3686,2,0,68,3,1,4,1,241,4462
"LAKSHADWEEP","2012",0,0,0,0,0,0,0,0,0,0,0,0,0
"PUDUCHERRY","2012",0,0,7,18,0,0,3,0,0,0,1,3,32
"TOTAL (UTs)","2012",2,42,454,3779,3,0,81,3,1,4,2,263,4634
"TOTAL (ALL-INDIA)","2012",81,1597,8541,18266,210,144,821,809,15,108,169,7411,38172